karte,tag_id,entfernung_m,dx_mm,dy_mm,dz_mm,d_xy_mm,d_xyz_mm,droll_deg,dpitch_deg,dyaw_deg,dangle_deg
Kartierung Versuch 3,0,0.0000,-0.0000,-0.0000,0.0003,0.0000,0.0003,-0.0000,-0.0000,0.0000,0.0000
Kartierung Versuch 3,1,0.2400,-1.9522,-0.8110,-0.0000,2.1139,2.1139,0.0000,-0.0000,-0.0511,0.0511
Kartierung Versuch 3,2,0.3394,-1.5901,1.3848,0.0001,2.1086,2.1086,0.0000,0.0000,-0.0963,0.0963
Kartierung Versuch 3,3,0.3394,-2.4567,-3.0973,0.0001,3.9533,3.9533,-0.0000,-0.0000,-0.0574,0.0574
Kartierung Versuch 3,4,0.4800,-4.2050,-2.2237,-0.0001,4.7568,4.7568,-0.0000,-0.0000,-0.0899,0.0899
Kartierung Versuch 3,5,0.5367,-3.7197,0.0546,-0.0001,3.7201,3.7201,0.0000,-0.0000,0.0319,0.0319
Kartierung Versuch 3,6,0.2400,0.6407,1.9907,0.0001,2.0912,2.0912,0.0000,-0.0000,-0.0119,0.0119
Kartierung Versuch 3,7,0.5367,-4.7477,-4.5653,-0.0000,6.5865,6.5865,0.0000,-0.0000,-0.0214,0.0214
Kartierung Versuch 3,8,0.2400,-0.5937,-2.1886,0.0004,2.2677,2.2677,-0.0000,-0.0000,-0.0594,0.0594
Kartierung Versuch 3,9,0.7200,-6.3072,-3.1085,-0.0002,7.0316,7.0316,0.0000,-0.0000,-0.0329,0.0329
Kartierung Versuch 3,10,0.2400,2.1135,0.3653,0.0001,2.1448,2.1448,-0.0000,0.0000,-0.0581,0.0581
Kartierung Versuch 3,11,0.5367,-0.2619,2.7225,0.0004,2.7350,2.7350,0.0000,0.0000,-0.2241,0.2241
Kartierung Versuch 3,12,0.5367,-2.7513,-5.3548,0.0002,6.0203,6.0203,0.0000,-0.0000,-0.0273,0.0273
Kartierung Versuch 3,13,0.7589,-5.5247,-0.7723,-0.0001,5.5785,5.5785,0.0000,-0.0000,-0.0607,0.0607
Kartierung Versuch 3,14,0.3394,2.5349,2.1632,-0.0001,3.3324,3.3324,-0.0000,0.0000,-0.0312,0.0312
Kartierung Versuch 3,15,0.7589,-6.9766,-5.6115,-0.0002,8.9533,8.9533,0.0000,-0.0000,0.0662,0.0662
Kartierung Versuch 3,16,0.3394,1.5523,-1.5991,0.0003,2.2286,2.2286,-0.0000,0.0000,-0.0663,0.0663
Kartierung Versuch 3,17,0.6788,-2.1318,1.9021,0.0001,2.8571,2.8571,0.0000,0.0000,-0.1638,0.1638
Kartierung Versuch 3,18,0.4800,1.7849,3.2870,0.0004,3.7403,3.7403,0.0000,0.0000,-0.0130,0.0130
Kartierung Versuch 3,19,0.6788,-5.0612,-6.7377,-0.0000,8.4269,8.4269,0.0000,-0.0000,-0.0434,0.0434
Kartierung Versuch 3,20,0.4800,-0.9833,-4.7458,0.0005,4.8466,4.8466,0.0000,-0.0000,-0.0144,0.0144
Kartierung Versuch 3,21,0.8653,-3.5052,1.2456,-0.0001,3.7199,3.7199,0.0000,-0.0000,-0.1819,0.1819
Kartierung Versuch 3,22,0.5367,3.1996,3.5803,0.0002,4.8017,4.8017,-0.0000,0.0000,-0.0305,0.0305
Kartierung Versuch 3,23,0.8653,-6.9031,-7.5416,-0.0001,10.2239,10.2239,0.0000,-0.0000,0.0229,0.0229
Kartierung Versuch 3,24,0.5367,1.0181,-3.9651,0.0005,4.0937,4.0937,-0.0000,0.0000,-0.0058,0.0058
Kartierung Versuch 3,25,0.9600,-8.0344,-3.4243,-0.0000,8.7337,8.7337,-0.0000,0.0000,-0.0007,0.0007
Kartierung Versuch 3,26,0.4800,3.3620,0.6240,-0.0003,3.4194,3.4194,-0.0000,0.0000,0.0394,0.0394
Kartierung Versuch 3,27,0.9895,-7.6153,-1.2582,0.0001,7.7186,7.7186,-0.0000,0.0000,-0.0554,0.0554
Kartierung Versuch 3,28,0.9895,-8.8014,-6.3316,-0.0001,10.8422,10.8422,0.0000,0.0000,0.0129,0.0129
Kartierung Versuch 3,29,0.5367,4.0689,2.4290,-0.0003,4.7387,4.7387,0.0000,0.0000,0.0107,0.0107
Kartierung Versuch 3,30,0.5367,2.9798,-1.1098,-0.0001,3.1798,3.1798,-0.0000,0.0000,0.0245,0.0245
Kartierung Versuch 3,31,1.0733,-5.5465,0.6789,0.0000,5.5879,5.5879,-0.0000,0.0000,-0.2669,0.2669
Kartierung Versuch 3,32,1.0733,-8.4564,-8.6636,-0.0003,12.1065,12.1065,-0.0000,0.0000,-0.0228,0.0228
Kartierung Versuch 3,33,0.6788,4.2333,3.9469,-0.0001,5.7878,5.7878,-0.0000,0.0000,-0.0380,0.0380
Kartierung Versuch 3,34,0.6788,2.2875,-2.9309,0.0002,3.7179,3.7179,-0.0000,0.0000,-0.0324,0.0324
Kartierung Versuch 3,35,1.2238,4.8032,10.7948,0.0002,11.8152,11.8152,-0.0000,0.0000,-0.1577,0.1577
Kartierung Versuch 3,36,1.4400,-11.1664,-5.0864,-0.0000,12.2702,12.2702,0.0000,0.0000,-0.0363,0.0363
Kartierung Versuch 3,37,1.2238,-7.5557,-6.0185,-0.0001,9.6597,9.6597,0.0000,-0.0000,0.0234,0.0234
Kartierung Versuch 3,38,0.9600,5.6960,1.0351,-0.0006,5.7893,5.7893,0.0000,-0.0000,-0.0891,0.0891
Kartierung Versuch 3,39,1.4648,-0.7324,8.5311,-0.0003,8.5625,8.5625,-0.0000,0.0000,0.0387,0.0387
Kartierung Versuch 3,40,1.2528,7.5126,10.7227,-0.0002,13.0926,13.0926,-0.0000,-0.0000,-0.1269,0.1269
Kartierung Versuch 3,41,1.4648,-10.9266,-8.7959,-0.0002,14.0271,14.0271,0.0000,-0.0000,0.0229,0.0229
Kartierung Versuch 3,42,1.2528,-3.1005,-4.1379,0.0002,5.1706,5.1706,0.0000,-0.0000,-0.1156,0.1156
Kartierung Versuch 3,43,1.5600,8.8873,1.9354,0.0002,9.0956,9.0956,0.0000,-0.0000,0.0359,0.0359
Kartierung Versuch 3,44,1.8159,4.3872,16.0528,-0.0002,16.6415,16.6415,0.0000,-0.0000,-0.0532,0.0532
Kartierung Versuch 3,45,2.0400,-15.4377,-4.3616,-0.0002,16.0420,16.0420,0.0000,-0.0000,-0.1414,0.1414
Kartierung Versuch 3,46,1.8159,-11.6681,-9.3925,-0.0000,14.9788,14.9788,0.0000,-0.0000,-0.0112,0.0112
Kartierung Versuch 3,47,1.9864,-1.6689,13.1014,-0.0000,13.2073,13.2073,0.0000,-0.0000,-0.0398,0.0398
Kartierung Versuch 3,48,1.8356,7.3306,14.9755,-0.0001,16.6734,16.6734,0.0000,0.0000,-0.0591,0.0591
Kartierung Versuch 3,49,1.9864,-12.5540,-10.2013,-0.0001,16.1762,16.1762,0.0000,-0.0000,0.0762,0.0762
Kartierung Versuch 3,50,1.8356,-5.6591,-11.4383,-0.0000,12.7617,12.7617,0.0000,-0.0000,-0.2361,0.2361
Kartierung Versuch 3,51,2.6400,-19.8378,-4.1570,-0.0001,20.2687,20.2687,0.0000,-0.0000,-0.0709,0.0709
Kartierung Versuch 3,52,2.1600,11.3932,5.2438,-0.0000,12.5420,12.5420,-0.0000,0.0000,-0.0111,0.0111
Kartierung Versuch 3,53,2.3051,-13.9275,-9.8374,-0.0000,17.0514,17.0514,0.0000,0.0000,-0.2143,0.2143
Kartierung Versuch 3,54,2.0400,1.3560,-13.0417,-0.0000,13.1120,13.1120,0.0000,-0.0000,-0.1551,0.1551
Kartierung Versuch 3,55,1.8745,-12.8974,-9.9270,0.0001,16.2754,16.2754,-0.0000,0.0000,-0.0546,0.0546
Kartierung Versuch 3,56,1.5367,2.6893,-2.8435,0.0000,3.9138,3.9138,0.0000,-0.0000,-0.0622,0.0622
Kartierung Versuch 3,57,1.8745,-5.7186,7.7618,-0.0000,9.6409,9.6409,-0.0000,0.0000,-0.1276,0.1276
Kartierung Versuch 3,58,1.5367,9.2804,10.9190,-0.0001,14.3301,14.3301,0.0000,-0.0000,-0.0164,0.0164
Kartierung Versuch 3,59,2.3051,-5.9396,12.6021,0.0000,13.9316,13.9316,-0.0000,-0.0000,-0.3396,0.3396
Kartierung Versuch 3,60,2.0400,8.0286,14.8384,-0.0000,16.8711,16.8711,0.0000,-0.0000,-0.0767,0.0767
Kartierung Versuch 3,61,1.5179,-9.2838,-0.7282,0.0002,9.3123,9.3123,-0.0000,0.0000,-0.1694,0.1694
Kartierung Versuch 3,62,1.5179,-12.2087,-9.8919,-0.0000,15.7131,15.7131,-0.0000,0.0000,-0.0273,0.0273
Kartierung Versuch 3,63,2.0957,-13.2432,0.4067,0.0002,13.2494,13.2494,0.0000,-0.0000,-0.1903,0.1903
Kartierung Versuch 3,64,2.0957,-15.6251,-8.3094,-0.0000,17.6972,17.6972,0.0000,-0.0000,-0.1001,0.1001
Kartierung Versuch 3,65,1.0733,6.6995,3.9893,-0.0002,7.7972,7.7972,0.0000,0.0000,-0.0663,0.0663
Kartierung Versuch 3,66,1.0733,4.8478,-1.8750,-0.0002,5.1978,5.1978,0.0000,0.0000,0.0191,0.0191
Kartierung Versuch 3,67,1.6322,8.7656,4.7901,0.0002,9.9890,9.9890,-0.0000,-0.0000,0.0934,0.0934
Kartierung Versuch 3,68,1.6322,10.2076,-0.8370,-0.0003,10.2419,10.2419,0.0000,0.0000,-0.0833,0.0833
Kartierung Versuch 3,100,1.8840,-13.2228,-10.7896,-0.0001,17.0663,17.0663,0.0000,0.0000,-0.1002,0.1002
Kartierung Versuch 3,101,1.5942,-11.8836,-10.3803,-0.0001,15.7788,15.7788,0.0000,-0.0000,0.0481,0.0481
Kartierung Versuch 3,102,1.5012,-7.9501,-8.1214,0.0000,11.3649,11.3649,0.0000,-0.0000,-0.1147,0.1147
Kartierung Versuch 3,103,1.6388,-1.5383,-6.2050,-0.0000,6.3929,6.3929,0.0000,-0.0000,-0.0945,0.0945
Kartierung Versuch 3,104,1.4524,-12.1942,-8.4359,-0.0000,14.8277,14.8277,0.0000,0.0000,0.0138,0.0138
Kartierung Versuch 3,105,1.0762,-9.2855,-6.4907,-0.0001,11.3292,11.3292,-0.0000,0.0000,-0.0386,0.0386
Kartierung Versuch 3,106,0.9067,-3.7803,-3.0818,0.0002,4.8773,4.8773,0.0000,0.0000,-0.1448,0.1448
Kartierung Versuch 3,107,1.1161,0.3665,-0.2153,-0.0000,0.4251,0.4251,0.0000,0.0000,-0.0735,0.0735
Kartierung Versuch 3,108,2.3592,-17.8299,-7.5818,-0.0000,19.3749,19.3749,-0.0000,0.0000,-0.0904,0.0904
Kartierung Versuch 3,109,1.7657,-13.7642,-8.4524,-0.0000,16.1523,16.1523,0.0000,-0.0000,-0.1135,0.1135
Kartierung Versuch 3,110,1.2952,6.9538,-0.7902,-0.0002,6.9986,6.9986,-0.0000,-0.0000,0.0448,0.0448
Kartierung Versuch 3,111,1.8840,9.9629,3.0210,-0.0001,10.4109,10.4109,0.0000,-0.0000,0.2231,0.2231
Kartierung Versuch 3,112,2.3592,-16.2814,-1.3624,0.0000,16.3383,16.3383,-0.0000,0.0000,-0.1461,0.1461
Kartierung Versuch 3,113,1.7657,-12.0943,-2.1694,0.0001,12.2874,12.2874,0.0000,0.0000,-0.1676,0.1676
Kartierung Versuch 3,114,1.2952,7.7796,2.8824,0.0001,8.2964,8.2964,0.0000,-0.0000,-0.0197,0.0197
Kartierung Versuch 3,115,1.8840,10.1082,5.0277,0.0002,11.2895,11.2895,0.0000,0.0000,0.1420,0.1420
Kartierung Versuch 3,116,1.4524,-4.5997,4.8167,0.0000,6.6602,6.6602,-0.0000,0.0000,-0.0353,0.0353
Kartierung Versuch 3,117,1.0762,1.1202,6.4194,0.0003,6.5164,6.5164,-0.0000,-0.0000,-0.0188,0.0188
Kartierung Versuch 3,118,0.9067,5.3899,7.9469,0.0006,9.6023,9.6023,0.0000,0.0000,-0.1962,0.1962
Kartierung Versuch 3,119,1.1161,8.0400,7.9785,-0.0001,11.3269,11.3269,-0.0000,0.0000,-0.0521,0.0521
Kartierung Versuch 3,120,1.8840,-4.2006,10.4423,-0.0000,11.2555,11.2555,-0.0000,0.0000,0.0495,0.0495
Kartierung Versuch 3,121,1.5942,2.2516,12.4564,-0.0001,12.6583,12.6583,0.0000,0.0000,0.0043,0.0043
Kartierung Versuch 3,122,1.5012,6.4818,13.2777,-0.0004,14.7754,14.7754,0.0000,0.0000,-0.1531,0.1531
Kartierung Versuch 3,123,1.6388,8.4129,13.2749,-0.0001,15.7163,15.7163,0.0000,-0.0000,-0.0450,0.0450
Kartierung Versuch 3,200,2.4656,-20.7388,-6.5713,0.0000,21.7550,21.7550,0.0000,0.0000,0.0136,0.0136
Kartierung Versuch 3,202,2.4656,-13.4897,4.3121,0.0001,14.1622,14.1622,0.0000,-0.0000,0.3019,0.3019
Kartierung Versuch 3,203,2.0732,11.2295,7.7689,0.0000,13.6549,13.6549,0.0000,-0.0000,0.0988,0.0988
